<?xml version="1.0" encoding="UTF-8"?>

<mule xmlns:http="http://www.mulesoft.org/schema/mule/http" xmlns:mulexml="http://www.mulesoft.org/schema/mule/xml" xmlns="http://www.mulesoft.org/schema/mule/core" xmlns:doc="http://www.mulesoft.org/schema/mule/documentation"
	xmlns:spring="http://www.springframework.org/schema/beans" 
	xmlns:xsi="http://www.w3.org/2001/XMLSchema-instance"
	xsi:schemaLocation="http://www.springframework.org/schema/beans http://www.springframework.org/schema/beans/spring-beans-current.xsd
http://www.mulesoft.org/schema/mule/core http://www.mulesoft.org/schema/mule/core/current/mule.xsd
http://www.mulesoft.org/schema/mule/http http://www.mulesoft.org/schema/mule/http/current/mule-http.xsd
http://www.mulesoft.org/schema/mule/xml http://www.mulesoft.org/schema/mule/xml/current/mule-xml.xsd">
    <http:listener-config name="HTTP_Listener_Configuration" host="localhost" port="8081" doc:name="HTTP Listener Configuration"/>
    <flow name="day8-xslt-transformFlow">
        <http:listener config-ref="HTTP_Listener_Configuration" path="/xslt-transform" doc:name="HTTP"/>
        <byte-array-to-string-transformer doc:name="Byte Array to String"/>
        <logger message="Xml File Transformation Started." level="INFO" doc:name="Logger"/>
        <mulexml:xslt-transformer xsl-file="D:\vidavid\Mule\demoFiles\Transform.xsl" maxIdleTransformers="2" maxActiveTransformers="5" doc:name="XSLT"/>
        <byte-array-to-string-transformer doc:name="Byte Array to String"/>
        <logger message="Xml File Transformation Completed." level="INFO" doc:name="Logger"/>
    </flow>
</mule>
