<?xml version="1.0" encoding="UTF-8"?>

<mule xmlns:dw="http://www.mulesoft.org/schema/mule/ee/dw" xmlns:ws="http://www.mulesoft.org/schema/mule/ws" xmlns:metadata="http://www.mulesoft.org/schema/mule/metadata" xmlns:http="http://www.mulesoft.org/schema/mule/http" xmlns="http://www.mulesoft.org/schema/mule/core" xmlns:doc="http://www.mulesoft.org/schema/mule/documentation"
	xmlns:spring="http://www.springframework.org/schema/beans" 
	xmlns:xsi="http://www.w3.org/2001/XMLSchema-instance"
	xsi:schemaLocation="http://www.springframework.org/schema/beans http://www.springframework.org/schema/beans/spring-beans-current.xsd
http://www.mulesoft.org/schema/mule/core http://www.mulesoft.org/schema/mule/core/current/mule.xsd
http://www.mulesoft.org/schema/mule/http http://www.mulesoft.org/schema/mule/http/current/mule-http.xsd
http://www.mulesoft.org/schema/mule/ws http://www.mulesoft.org/schema/mule/ws/current/mule-ws.xsd
http://www.mulesoft.org/schema/mule/ee/dw http://www.mulesoft.org/schema/mule/ee/dw/current/dw.xsd">
    <http:listener-config name="HTTP_Listener_Configuration" host="localhost" port="8085" doc:name="HTTP Listener Configuration"/>
    <ws:consumer-config name="Web_Service_Consumer" service="TshirtServicePortTypeService" port="TshirtServicePortTypePort" serviceAddress="http://tshirt-service.cloudhub.io/" wsdlLocation=" http://tshirt-service.cloudhub.io/?wsdl" doc:name="Web Service Consumer"/>
    <flow name="datawaveFlow">
        <http:listener config-ref="HTTP_Listener_Configuration" path="/path" metadata:id="ff529f90-7b66-4881-a50f-78bd0c03f125" doc:name="HTTP"/>
        <dw:transform-message doc:name="Transform Message">
            <dw:input-payload doc:sample="D:\vidavid\Mule\demoFiles\productSample.json"/>
            <dw:set-payload><![CDATA[%dw 1.0
%output application/xml
%namespace ns0 http://mulesoft.org/tshirt-service
---
{
	ns0#OrderTshirt: {
		size: null when payload.buyer.size=="M",
		email: payload.buyer.email,
		name: payload.buyer.name,
		address1: payload.buyer.address,
		city: payload.buyer.city,
		stateOrProvince: payload.buyer.state,
		postalCode: payload.buyer.postCode,
		country: payload.buyer.nationality
	}
}]]></dw:set-payload>
        </dw:transform-message>
        <ws:consumer config-ref="Web_Service_Consumer" operation="OrderTshirt" doc:name="Web Service Consumer"/>
    </flow>
</mule>
