<?xml version="1.0" encoding="UTF-8"?>

<mule xmlns:file="http://www.mulesoft.org/schema/mule/file" xmlns:http="http://www.mulesoft.org/schema/mule/http" xmlns:jms="http://www.mulesoft.org/schema/mule/jms" xmlns:ftp="http://www.mulesoft.org/schema/mule/ee/ftp" xmlns="http://www.mulesoft.org/schema/mule/core" xmlns:doc="http://www.mulesoft.org/schema/mule/documentation"
	xmlns:spring="http://www.springframework.org/schema/beans" 
	xmlns:xsi="http://www.w3.org/2001/XMLSchema-instance"
	xsi:schemaLocation="http://www.springframework.org/schema/beans http://www.springframework.org/schema/beans/spring-beans-current.xsd
http://www.mulesoft.org/schema/mule/core http://www.mulesoft.org/schema/mule/core/current/mule.xsd
http://www.mulesoft.org/schema/mule/ee/ftp http://www.mulesoft.org/schema/mule/ee/ftp/current/mule-ftp-ee.xsd
http://www.mulesoft.org/schema/mule/http http://www.mulesoft.org/schema/mule/http/current/mule-http.xsd
http://www.mulesoft.org/schema/mule/jms http://www.mulesoft.org/schema/mule/jms/current/mule-jms.xsd
http://www.mulesoft.org/schema/mule/file http://www.mulesoft.org/schema/mule/file/current/mule-file.xsd">
    <http:listener-config name="HTTP_Listener_Configuration" host="localhost" port="8083" doc:name="HTTP Listener Configuration"/>
    <jms:activemq-connector name="Active_MQ" brokerURL="tcp://localhost:61616" validateConnections="true" doc:name="Active MQ"/>
    <flow name="compite-sourceFlow">
        <composite-source doc:name="Composite Source">
            <ftp:inbound-endpoint host="localhost" port="21" path="/input" user="muleuser" password="muleuser" responseTimeout="10000" doc:name="FTP"/>
            <http:listener config-ref="HTTP_Listener_Configuration" path="/test" doc:name="HTTP"/>
            <jms:inbound-endpoint queue="testQueue" connector-ref="Active_MQ" doc:name="JMS"/>
        </composite-source>
        <logger message="This is Your Log Message." level="INFO" doc:name="Logger"/>
        <file:outbound-endpoint path="D:\vidavid\Training\2017\MuleSoft_30_Mar_to_4_Apr\output" responseTimeout="10000" doc:name="File"/>
    </flow>
</mule>
